timestamp,service,cpu_percent,memory_mib,memory_percent
2026-10-08T02:46:06.142,enrollment-service,0.0,26.6,0.34
2026-10-08T02:46:06.142,student-service,0.0,23.36,0.3
2026-10-08T02:46:06.142,course-service,0.0,22.86,0.29
2026-10-08T02:46:08.186,enrollment-service,0.0,26.6,0.34
2026-10-08T02:46:08.186,student-service,0.0,23.36,0.3
2026-10-08T02:46:08.186,course-service,0.0,22.86,0.29
2026-10-08T02:46:10.254,enrollment-service,0.0,26.6,0.34
2026-10-08T02:46:10.254,student-service,0.0,23.36,0.3
2026-10-08T02:46:10.254,course-service,0.0,22.86,0.29
2026-10-08T02:46:12.242,enrollment-service,0.0,26.6,0.34
2026-10-08T02:46:12.242,student-service,0.0,23.36,0.3
2026-10-08T02:46:12.242,course-service,0.0,22.86,0.29
2026-10-08T02:46:14.367,enrollment-service,0.0,26.6,0.34
2026-10-08T02:46:14.367,student-service,0.0,23.36,0.3
2026-10-08T02:46:14.367,course-service,0.0,22.86,0.29
2026-10-08T02:46:16.382,enrollment-service,0.0,26.6,0.34
2026-10-08T02:46:16.382,student-service,0.0,23.36,0.3
2026-10-08T02:46:16.382,course-service,0.0,22.86,0.29
2026-10-08T02:46:18.446,enrollment-service,52.91,35.39,0.45
2026-10-08T02:46:18.446,student-service,0.01,23.36,0.3
2026-10-08T02:46:18.446,course-service,0.02,22.86,0.29
2026-10-08T02:46:20.455,enrollment-service,89.5,62.62,0.8
2026-10-08T02:46:20.455,student-service,0.0,23.36,0.3
2026-10-08T02:46:20.455,course-service,0.0,22.86,0.29
2026-10-08T02:46:22.486,enrollment-service,73.56,61.89,0.79
2026-10-08T02:46:22.486,student-service,0.0,23.36,0.3
2026-10-08T02:46:22.486,course-service,0.0,22.86,0.29
2026-10-08T02:46:24.526,enrollment-service,83.44,62.26,0.8
2026-10-08T02:46:24.526,student-service,0.0,23.36,0.3
2026-10-08T02:46:24.526,course-service,0.0,22.86,0.29
2026-10-08T02:46:26.557,enrollment-service,86.87,62.83,0.81
2026-10-08T02:46:26.557,student-service,0.0,23.36,0.3
2026-10-08T02:46:26.557,course-service,0.0,22.86,0.29
2026-10-08T02:46:28.624,enrollment-service,33.71,62.98,0.81
2026-10-08T02:46:28.624,student-service,0.0,23.36,0.3
2026-10-08T02:46:28.624,course-service,0.0,22.86,0.29
2026-10-08T02:46:30.660,enrollment-service,0.01,62.74,0.81
2026-10-08T02:46:30.660,student-service,0.0,23.36,0.3
2026-10-08T02:46:30.660,course-service,0.0,22.86,0.29
2026-10-08T02:46:32.694,enrollment-service,0.0,62.74,0.81
2026-10-08T02:46:32.694,student-service,0.0,23.36,0.3
2026-10-08T02:46:32.694,course-service,0.0,22.86,0.29
2026-10-08T02:46:34.752,enrollment-service,0.0,62.59,0.8
2026-10-08T02:46:34.752,student-service,0.0,23.36,0.3
2026-10-08T02:46:34.752,course-service,0.0,22.86,0.29
2026-10-08T02:46:36.777,enrollment-service,0.0,62.59,0.8
2026-10-08T02:46:36.777,student-service,0.0,23.36,0.3
2026-10-08T02:46:36.777,course-service,0.0,22.86,0.29
2026-10-08T02:46:38.802,enrollment-service,0.0,62.59,0.8
2026-10-08T02:46:38.802,student-service,0.0,23.36,0.3
2026-10-08T02:46:38.802,course-service,0.0,22.86,0.29
2026-10-08T02:46:40.840,enrollment-service,0.0,62.59,0.8
2026-10-08T02:46:40.840,student-service,0.0,23.36,0.3
2026-10-08T02:46:40.840,course-service,0.0,22.86,0.29
2026-10-08T02:46:42.877,enrollment-service,0.0,62.59,0.8
2026-10-08T02:46:42.877,student-service,0.0,23.36,0.3
2026-10-08T02:46:42.877,course-service,0.0,22.86,0.29
2026-10-08T02:46:44.932,enrollment-service,0.0,62.59,0.8
2026-10-08T02:46:44.932,student-service,0.0,23.36,0.3
2026-10-08T02:46:44.932,course-service,0.0,22.86,0.29
2026-10-08T02:46:46.952,enrollment-service,0.0,62.59,0.8
2026-10-08T02:46:46.952,student-service,0.0,23.36,0.3
2026-10-08T02:46:46.952,course-service,0.0,22.86,0.29
2026-10-08T02:46:48.998,enrollment-service,0.06,62.59,0.8
2026-10-08T02:46:48.998,student-service,0.0,23.36,0.3
2026-10-08T02:46:48.998,course-service,0.02,22.86,0.29
2026-10-08T02:46:51.034,enrollment-service,0.0,62.59,0.8
2026-10-08T02:46:51.034,student-service,0.0,23.36,0.3
2026-10-08T02:46:51.034,course-service,0.0,22.86,0.29
2026-10-08T02:46:53.088,enrollment-service,0.0,62.59,0.8
2026-10-08T02:46:53.088,student-service,0.0,23.36,0.3
2026-10-08T02:46:53.088,course-service,0.0,22.86,0.29
2026-10-08T02:46:55.151,enrollment-service,0.0,62.59,0.8
2026-10-08T02:46:55.151,student-service,0.0,23.36,0.3
2026-10-08T02:46:55.151,course-service,0.0,22.86,0.29
